"code","message","type","context","selector"
"WCAG2AAA.Principle2.Guideline2_4.2_4_2.H25.1.EmptyTitle","The title element in the head section should be non-empty.","error","<title>\n\n</title>","#ctl00_Head1 > title"
"WCAG2AAA.Principle3.Guideline3_1.3_1_1.H57.2","The html element should have a lang or xml:lang attribute which describes the language of the document.","error","<html xmlns=\"http://www.w3.org/1999/xhtml\" style=\"height: 100%;\"><!--<![endif]--><head id=\"ctl00...</html>","html"
"WCAG2AAA.Principle2.Guideline2_4.2_4_1.H64.1","Iframe element requires a non-empty title attribute that identifies the frame.","error","<iframe id=\":2.container\" class=\"goog-te-banner-frame skiptranslate\" frameborder=\"0\" src=\"javascript:''\" style=\"visibility:visible\"></iframe>","#:2.container"
"WCAG2AAA.Principle3.Guideline3_2.3_2_2.H32.2","This form does not contain a submit button, which creates issues for those who cannot submit the form using the keyboard. Submit buttons are INPUT elements with type attribute \"submit\" or \"image\", or BUTTON elements with type \"submit\" or omitted/invalid.","error","<form method=\"post\" action=\"./\" id=\"aspnetForm\">\n<input type=\"hidden\" name=\"__V...</form>","#aspnetForm"
"WCAG2AAA.Principle3.Guideline3_3.3_3_1.G83,G84,G85","If an input error is automatically detected in this form, check that the item(s) in error are identified and the error(s) are described to the user in text.","notice","<form method=\"post\" action=\"./\" id=\"aspnetForm\">\n<input type=\"hidden\" name=\"__V...</form>","#aspnetForm"
"WCAG2AAA.Principle3.Guideline3_3.3_3_2.G131,G89,G184,H90","Check that descriptive labels or instructions (including for required fields) are provided for user input in this form.","notice","<form method=\"post\" action=\"./\" id=\"aspnetForm\">\n<input type=\"hidden\" name=\"__V...</form>","#aspnetForm"
"WCAG2AAA.Principle3.Guideline3_3.3_3_3.G177","Check that this form provides suggested corrections to errors in user input, unless it would jeopardize the security or purpose of the content.","notice","<form method=\"post\" action=\"./\" id=\"aspnetForm\">\n<input type=\"hidden\" name=\"__V...</form>","#aspnetForm"
"WCAG2AAA.Principle3.Guideline3_3.3_3_5.G71,G184,G193","Check that context-sensitive help is available for this form, at a Web-page and/or control level.","notice","<form method=\"post\" action=\"./\" id=\"aspnetForm\">\n<input type=\"hidden\" name=\"__V...</form>","#aspnetForm"
"WCAG2AAA.Principle3.Guideline3_3.3_3_6.G98,G99,G155,G164,G168.AllForms","Check that submissions to this form are either reversible, checked for input errors, and/or confirmed by the user.","notice","<form method=\"post\" action=\"./\" id=\"aspnetForm\">\n<input type=\"hidden\" name=\"__V...</form>","#aspnetForm"
"WCAG2AAA.Principle3.Guideline3_2.3_2_1.G107","Check that a change of context does not occur when this input field receives focus.","notice","<input type=\"hidden\" name=\"__VIEWSTATE\" id=\"__VIEWSTATE\" value=\"a+oI8yR5f5OvrD9Ef1mltfJDcSn9SKKbLQAMOZa2ahA5zJCNZPW2SaG8U+QKaSThkVT3qBjLa7mOsoc9pjp1rOLuQ54XblFdBskutxbpHW8=\">","#__VIEWSTATE"
"WCAG2AAA.Principle3.Guideline3_2.3_2_1.G107","Check that a change of context does not occur when this input field receives focus.","notice","<input type=\"hidden\" name=\"__VIEWSTATEGENERATOR\" id=\"__VIEWSTATEGENERATOR\" value=\"90059987\">","#__VIEWSTATEGENERATOR"
"WCAG2AAA.Principle3.Guideline3_2.3_2_1.G107","Check that a change of context does not occur when this input field receives focus.","notice","<input type=\"hidden\" name=\"__EVENTVALIDATION\" id=\"__EVENTVALIDATION\" value=\"aF7ScL+jg5MvdtUFCGv6f2YTDgiVVf/T3jIPiy7Eno0dPKNV3pVKFy+T3hGBbQnOm6gcTs2oBEvROXrEqd0gq4P+UA+OwPqtldY5FCMbmrxDQoVTNHk7dyb9KOiQp9RLhu+58SZvs4zcAJYAiPuLWA==\">","#__EVENTVALIDATION"
"WCAG2AAA.Principle3.Guideline3_2.3_2_1.G107","Check that a change of context does not occur when this input field receives focus.","notice","<input type=\"button\" name=\"ctl00$buttonEUCookieYes\" value=\"Continue\" onclick=\"javascript:__doPostBack('ctl00$buttonEUCookieYes','')\" id=\"ctl00_buttonEUCookieYes\" accesskey=\"c\" class=\"eucookiego\">","#ctl00_buttonEUCookieYes"
"WCAG2AAA.Principle3.Guideline3_2.3_2_1.G107","Check that a change of context does not occur when this input field receives focus.","notice","<input type=\"button\" name=\"ctl00$buttonEUCookieMore\" value=\"Learn more\" onclick=\"javascript:__doPostBack('ctl00$buttonEUCookieMore','')\" id=\"ctl00_buttonEUCookieMore\" class=\"eucookiego\">","#ctl00_buttonEUCookieMore"
"WCAG2AAA.Principle2.Guideline2_4.2_4_9.H30","Check that text of the link describes the purpose of the link.","notice","<a href=\"http://www.mysurgerywebsite.com\">My Surgery Website</a>","#ctl00_divContainer > div:nth-child(2) > div > div:nth-child(1) > a"
"WCAG2AAA.Principle2.Guideline2_4.2_4_9.H30","Check that text of the link describes the purpose of the link.","notice","<a href=\"#\" onclick=\"toggleTranslate(); return false;\">Translate this page</a>","#ctl00_translateUpper > a"
"WCAG2AAA.Principle1.Guideline1_1.1_1_1.H67.2","Img element is marked so that it is ignored by Assistive Technology.","warning","<img src=\"https://www.google.com/images/cleardot.gif\" class=\"goog-te-gadget-icon\" alt=\"\" style=\"background-image: url(https://translate.googleapis.com/translate_static/img/te_ctrl3.gif); background-position: -65px 0px;\">","#:0.targetLanguage > img"
"WCAG2AAA.Principle1.Guideline1_4.1_4_3_F24.F24.BGColour","Check that this element has an inherited foreground colour to complement the corresponding inline background colour or image.","warning","<img src=\"https://www.google.com/images/cleardot.gif\" class=\"goog-te-gadget-icon\" alt=\"\" style=\"background-image: url(https://translate.googleapis.com/translate_static/img/te_ctrl3.gif); background-position: -65px 0px;\">","#:0.targetLanguage > img"
"WCAG2AAA.Principle1.Guideline1_1.1_1_1.G73,G74","If this image cannot be fully described in a short text alternative, ensure a long text alternative is also available, such as in the body text or through a link.","notice","<img src=\"https://www.google.com/images/cleardot.gif\" class=\"goog-te-gadget-icon\" alt=\"\" style=\"background-image: url(https://translate.googleapis.com/translate_static/img/te_ctrl3.gif); background-position: -65px 0px;\">","#:0.targetLanguage > img"
"WCAG2AAA.Principle2.Guideline2_4.2_4_9.H30","Check that text of the link describes the purpose of the link.","notice","<a aria-haspopup=\"true\" class=\"goog-te-menu-value\" href=\"javascript:void(0)\"><span>选择语言</span><img src=\"http...</a>","#:0.targetLanguage > span > a"
"WCAG2AAA.Principle1.Guideline1_1.1_1_1.H67.2","Img element is marked so that it is ignored by Assistive Technology.","warning","<img src=\"https://www.google.com/images/cleardot.gif\" alt=\"\" width=\"1\" height=\"1\">","#:0.targetLanguage > span > a > img:nth-child(2)"
"WCAG2AAA.Principle1.Guideline1_1.1_1_1.G73,G74","If this image cannot be fully described in a short text alternative, ensure a long text alternative is also available, such as in the body text or through a link.","notice","<img src=\"https://www.google.com/images/cleardot.gif\" alt=\"\" width=\"1\" height=\"1\">","#:0.targetLanguage > span > a > img:nth-child(2)"
"WCAG2AAA.Principle1.Guideline1_1.1_1_1.H67.2","Img element is marked so that it is ignored by Assistive Technology.","warning","<img src=\"https://www.google.com/images/cleardot.gif\" alt=\"\" width=\"1\" height=\"1\">","#:0.targetLanguage > span > a > img:nth-child(4)"
"WCAG2AAA.Principle1.Guideline1_1.1_1_1.G73,G74","If this image cannot be fully described in a short text alternative, ensure a long text alternative is also available, such as in the body text or through a link.","notice","<img src=\"https://www.google.com/images/cleardot.gif\" alt=\"\" width=\"1\" height=\"1\">","#:0.targetLanguage > span > a > img:nth-child(4)"
"WCAG2AAA.Principle1.Guideline1_4.1_4_6.G18.BgImage","This element's text is placed on a background image. Ensure the contrast ratio between the text and all covered parts of the image are at least 4.5:1.","warning","<a href=\"/index.aspx?pr=G81636\" title=\"Benfield Valley Healthcare Hub\">Benfield Valley Healthcare Hub</a>","#ctl00_header > div > div > a"
"WCAG2AAA.Principle2.Guideline2_4.2_4_9.H30","Check that text of the link describes the purpose of the link.","notice","<a href=\"/index.aspx?pr=G81636\" title=\"Benfield Valley Healthcare Hub\">Benfield Valley Healthcare Hub</a>","#ctl00_header > div > div > a"
"WCAG2AAA.Principle1.Guideline1_3.1_3_1.H48","If this element contains a navigation section, it is recommended that it be marked up as a list.","warning","<div id=\"ctl00_addressBox\" class=\"addressBox\"><a href=\"contact1.aspx?p=G81636...</div>","#ctl00_addressBox"
"WCAG2AAA.Principle1.Guideline1_4.1_4_6.G17.BgImage","This element's text is placed on a background image. Ensure the contrast ratio between the text and all covered parts of the image are at least 7:1.","warning","<a href=\"contact1.aspx?p=G81636\" title=\"Full contact details\">Burwash Road Surgery, 14 Burwas...</a>","#ctl00_addressBox > a:nth-child(1)"
"WCAG2AAA.Principle2.Guideline2_4.2_4_9.H30","Check that text of the link describes the purpose of the link.","notice","<a href=\"contact1.aspx?p=G81636\" title=\"Full contact details\">Burwash Road Surgery, 14 Burwas...</a>","#ctl00_addressBox > a:nth-child(1)"
"WCAG2AAA.Principle1.Guideline1_4.1_4_6.G17.BgImage","This element's text is placed on a background image. Ensure the contrast ratio between the text and all covered parts of the image are at least 7:1.","warning","<b>01273 411 229</b>","#ctl00_addressBox > a:nth-child(1) > b"
"WCAG2AAA.Principle1.Guideline1_4.1_4_6.G17.BgImage","This element's text is placed on a background image. Ensure the contrast ratio between the text and all covered parts of the image are at least 7:1.","warning","<a>County Clinic, Old Shoreham Roa...</a>","#ctl00_addressBox > a:nth-child(2)"
"WCAG2AAA.Principle4.Guideline4_1.4_1_2.H91.A.Placeholder","Anchor element found with link content, but no href, ID or name attribute has been supplied.","warning","<a>County Clinic, Old Shoreham Roa...</a>","#ctl00_addressBox > a:nth-child(2)"
"WCAG2AAA.Principle2.Guideline2_4.2_4_9.H30","Check that text of the link describes the purpose of the link.","notice","<a>County Clinic, Old Shoreham Roa...</a>","#ctl00_addressBox > a:nth-child(2)"
"WCAG2AAA.Principle1.Guideline1_4.1_4_6.G17.BgImage","This element's text is placed on a background image. Ensure the contrast ratio between the text and all covered parts of the image are at least 7:1.","warning","<b>01273 411 229</b>","#ctl00_addressBox > a:nth-child(2) > b"
"WCAG2AAA.Principle4.Guideline4_1.4_1_2.H91.A.EmptyNoId","Anchor element found with no link content and no name and/or ID attribute.","error","<a></a>","#ctl00_addressBox > a:nth-child(3)"
"WCAG2AAA.Principle2.Guideline2_4.2_4_9.H30","Check that text of the link describes the purpose of the link.","notice","<a></a>","#ctl00_addressBox > a:nth-child(3)"
"WCAG2AAA.Principle1.Guideline1_3.1_3_1_AAA.G141","The heading structure is not logically nested. This h3 element appears to be the primary document heading, so should be an h1 element.","error","<h3 class=\"infoTitle\">Quick Links</h3>","#ctl00_resUpperLinks > h3"
"WCAG2AAA.Principle2.Guideline2_4.2_4_9.H30","Check that text of the link describes the purpose of the link.","notice","<a title=\"The latest news\" href=\"news.aspx?p=G81636\">Latest News</a>","#ctl00_resUpperLinks > div:nth-child(3) > a"
"WCAG2AAA.Principle2.Guideline2_4.2_4_9.H30","Check that text of the link describes the purpose of the link.","notice","<a title=\"Search the site\" href=\"search.aspx\">Search</a>","#ctl00_resUpperLinks > div:nth-child(4) > a"
"WCAG2AAA.Principle1.Guideline1_4.1_4_6.G18.BgImage","This element's text is placed on a background image. Ensure the contrast ratio between the text and all covered parts of the image are at least 4.5:1.","warning","<div id=\"menu-button\">Menu</div>","#menu-button"
"WCAG2AAA.Principle2.Guideline2_4.2_4_9.H30","Check that text of the link describes the purpose of the link.","notice","<a href=\"/index.aspx\">Home</a>","#menuItem11111 > a"
"WCAG2AAA.Principle2.Guideline2_4.2_4_9.H30","Check that text of the link describes the purpose of the link.","notice","<a href=\"/news.aspx\">News</a>","#menuItem11112 > a"
"WCAG2AAA.Principle2.Guideline2_4.2_4_9.H30","Check that text of the link describes the purpose of the link.","notice","<a href=\"/making-appointments.aspx\">Appointments</a>","#menuItem11113 > a"
"WCAG2AAA.Principle2.Guideline2_4.2_4_9.H30","Check that text of the link describes the purpose of the link.","notice","<a href=\"/page1.aspx?p=2&amp;t=1\">Appointments</a>","#menuItemsub0 > a"
"WCAG2AAA.Principle4.Guideline4_1.4_1_1.F77","Duplicate id attribute value \"menuItemsub0\" found on the web page.","error","<li id=\"menuItemsub0\" tabindex=\"0\"><a href=\"/page1.aspx?p=2&amp;t=...</li>","#menuItemsub0"
"WCAG2AAA.Principle2.Guideline2_4.2_4_9.H30","Check that text of the link describes the purpose of the link.","notice","<a href=\"/page1.aspx?p=2&amp;t=2\">Booking Appointments Online</a>","#menuItemsub0 > a"
"WCAG2AAA.Principle4.Guideline4_1.4_1_1.F77","Duplicate id attribute value \"menuItemsub0\" found on the web page.","error","<li id=\"menuItemsub0\" tabindex=\"0\"><a href=\"/page1.aspx?p=2&amp;t=...</li>","#menuItemsub0"
"WCAG2AAA.Principle2.Guideline2_4.2_4_9.H30","Check that text of the link describes the purpose of the link.","notice","<a href=\"/page1.aspx?p=2&amp;t=3\">Home Visits</a>","#menuItemsub0 > a"
"WCAG2AAA.Principle2.Guideline2_4.2_4_9.H30","Check that text of the link describes the purpose of the link.","notice","<a href=\"/prescriptions.aspx\">Prescriptions</a>","#menuItem11114 > a"
"WCAG2AAA.Principle4.Guideline4_1.4_1_1.F77","Duplicate id attribute value \"menuItemsub0\" found on the web page.","error","<li id=\"menuItemsub0\" tabindex=\"0\"><a href=\"/prescriptions.aspx?t=...</li>","#menuItemsub0"
"WCAG2AAA.Principle2.Guideline2_4.2_4_9.H30","Check that text of the link describes the purpose of the link.","notice","<a href=\"/prescriptions.aspx?t=1\">Prescriptions</a>","#menuItemsub0 > a"
"WCAG2AAA.Principle2.Guideline2_4.2_4_9.H30","Check that text of the link describes the purpose of the link.","notice","<a href=\"/page1.aspx?p=14.aspx\">Services and Advice</a>","#menuItem11115 > a"
"WCAG2AAA.Principle4.Guideline4_1.4_1_1.F77","Duplicate id attribute value \"menuItemsub0\" found on the web page.","error","<li id=\"menuItemsub0\" tabindex=\"0\"><a href=\"/page1.aspx?p=14&amp;t...</li>","#menuItemsub0"
"WCAG2AAA.Principle2.Guideline2_4.2_4_9.H30","Check that text of the link describes the purpose of the link.","notice","<a href=\"/page1.aspx?p=14&amp;t=1\">Clinics &amp; Services</a>","#menuItemsub0 > a"
"WCAG2AAA.Principle4.Guideline4_1.4_1_1.F77","Duplicate id attribute value \"menuItemsub0\" found on the web page.","error","<li id=\"menuItemsub0\" tabindex=\"0\"><a href=\"/page1.aspx?p=14&amp;t...</li>","#menuItemsub0"
"WCAG2AAA.Principle2.Guideline2_4.2_4_9.H30","Check that text of the link describes the purpose of the link.","notice","<a href=\"/page1.aspx?p=14&amp;t=2\">Sickness Certificates</a>","#menuItemsub0 > a"
"WCAG2AAA.Principle4.Guideline4_1.4_1_1.F77","Duplicate id attribute value \"menuItemsub0\" found on the web page.","error","<li id=\"menuItemsub0\" tabindex=\"0\"><a href=\"/page1.aspx?p=14&amp;t...</li>","#menuItemsub0"
"WCAG2AAA.Principle2.Guideline2_4.2_4_9.H30","Check that text of the link describes the purpose of the link.","notice","<a href=\"/page1.aspx?p=14&amp;t=3\">Help &amp; Advice</a>","#menuItemsub0 > a"
"WCAG2AAA.Principle4.Guideline4_1.4_1_1.F77","Duplicate id attribute value \"menuItemsub0\" found on the web page.","error","<li id=\"menuItemsub0\" tabindex=\"0\"><a href=\"/page1.aspx?p=14&amp;t...</li>","#menuItemsub0"
"WCAG2AAA.Principle2.Guideline2_4.2_4_9.H30","Check that text of the link describes the purpose of the link.","notice","<a href=\"/page1.aspx?p=14&amp;t=4\">Self-Help</a>","#menuItemsub0 > a"
"WCAG2AAA.Principle2.Guideline2_4.2_4_9.H30","Check that text of the link describes the purpose of the link.","notice","<a href=\"/page1.aspx?p=16.aspx\">Patients</a>","#menuItem11116 > a"
"WCAG2AAA.Principle4.Guideline4_1.4_1_1.F77","Duplicate id attribute value \"menuItemsub0\" found on the web page.","error","<li id=\"menuItemsub0\" tabindex=\"0\"><a href=\"/page1.aspx?p=16&amp;t...</li>","#menuItemsub0"
"WCAG2AAA.Principle2.Guideline2_4.2_4_9.H30","Check that text of the link describes the purpose of the link.","notice","<a href=\"/page1.aspx?p=16&amp;t=1\">Registration</a>","#menuItemsub0 > a"
"WCAG2AAA.Principle4.Guideline4_1.4_1_1.F77","Duplicate id attribute value \"menuItemsub0\" found on the web page.","error","<li id=\"menuItemsub0\" tabindex=\"0\"><a href=\"/page1.aspx?p=16&amp;t...</li>","#menuItemsub0"
"WCAG2AAA.Principle2.Guideline2_4.2_4_9.H30","Check that text of the link describes the purpose of the link.","notice","<a href=\"/page1.aspx?p=16&amp;t=2\">Tests &amp; Results</a>","#menuItemsub0 > a"
"WCAG2AAA.Principle4.Guideline4_1.4_1_1.F77","Duplicate id attribute value \"menuItemsub0\" found on the web page.","error","<li id=\"menuItemsub0\" tabindex=\"0\"><a href=\"/page1.aspx?p=16&amp;t...</li>","#menuItemsub0"
"WCAG2AAA.Principle2.Guideline2_4.2_4_9.H30","Check that text of the link describes the purpose of the link.","notice","<a href=\"/page1.aspx?p=16&amp;t=3\">Your Data And Records</a>","#menuItemsub0 > a"
"WCAG2AAA.Principle4.Guideline4_1.4_1_1.F77","Duplicate id attribute value \"menuItemsub0\" found on the web page.","error","<li id=\"menuItemsub0\" tabindex=\"0\"><a href=\"/page1.aspx?p=16&amp;t...</li>","#menuItemsub0"
"WCAG2AAA.Principle2.Guideline2_4.2_4_9.H30","Check that text of the link describes the purpose of the link.","notice","<a href=\"/page1.aspx?p=16&amp;t=4\">Non-English Speakers</a>","#menuItemsub0 > a"
"WCAG2AAA.Principle4.Guideline4_1.4_1_1.F77","Duplicate id attribute value \"menuItemsub0\" found on the web page.","error","<li id=\"menuItemsub0\" tabindex=\"0\"><a href=\"/page1.aspx?p=16&amp;t...</li>","#menuItemsub0"
"WCAG2AAA.Principle2.Guideline2_4.2_4_9.H30","Check that text of the link describes the purpose of the link.","notice","<a href=\"/page1.aspx?p=16&amp;t=5\">Your Feedback</a>","#menuItemsub0 > a"
"WCAG2AAA.Principle2.Guideline2_4.2_4_9.H30","Check that text of the link describes the purpose of the link.","notice","<a href=\"/page1.aspx?p=15.aspx\">About Us</a>","#menuItem11117 > a"
"WCAG2AAA.Principle4.Guideline4_1.4_1_1.F77","Duplicate id attribute value \"menuItemsub0\" found on the web page.","error","<li id=\"menuItemsub0\" tabindex=\"0\"><a href=\"/page1.aspx?p=15&amp;t...</li>","#menuItemsub0"
"WCAG2AAA.Principle2.Guideline2_4.2_4_9.H30","Check that text of the link describes the purpose of the link.","notice","<a href=\"/page1.aspx?p=15&amp;t=1\">Practice Staff</a>","#menuItemsub0 > a"
"WCAG2AAA.Principle4.Guideline4_1.4_1_1.F77","Duplicate id attribute value \"menuItemsub0\" found on the web page.","error","<li id=\"menuItemsub0\" tabindex=\"0\"><a href=\"/page1.aspx?p=15&amp;t...</li>","#menuItemsub0"
"WCAG2AAA.Principle2.Guideline2_4.2_4_9.H30","Check that text of the link describes the purpose of the link.","notice","<a href=\"/page1.aspx?p=15&amp;t=2\">Opening Hours</a>","#menuItemsub0 > a"
"WCAG2AAA.Principle4.Guideline4_1.4_1_1.F77","Duplicate id attribute value \"menuItemsub0\" found on the web page.","error","<li id=\"menuItemsub0\" tabindex=\"0\"><a href=\"/page1.aspx?p=15&amp;t...</li>","#menuItemsub0"
"WCAG2AAA.Principle2.Guideline2_4.2_4_9.H30","Check that text of the link describes the purpose of the link.","notice","<a href=\"/page1.aspx?p=15&amp;t=3\">Our Policies</a>","#menuItemsub0 > a"
"WCAG2AAA.Principle4.Guideline4_1.4_1_1.F77","Duplicate id attribute value \"menuItemsub0\" found on the web page.","error","<li id=\"menuItemsub0\" tabindex=\"0\"><a href=\"/page1.aspx?p=15&amp;t...</li>","#menuItemsub0"
"WCAG2AAA.Principle2.Guideline2_4.2_4_9.H30","Check that text of the link describes the purpose of the link.","notice","<a href=\"/page1.aspx?p=15&amp;t=4\">Our Research Programmes</a>","#menuItemsub0 > a"
"WCAG2AAA.Principle4.Guideline4_1.4_1_1.F77","Duplicate id attribute value \"menuItemsub0\" found on the web page.","error","<li id=\"menuItemsub0\" tabindex=\"0\"><a href=\"/page1.aspx?p=15&amp;t...</li>","#menuItemsub0"
"WCAG2AAA.Principle2.Guideline2_4.2_4_9.H30","Check that text of the link describes the purpose of the link.","notice","<a href=\"/page1.aspx?p=15&amp;t=5\">Training</a>","#menuItemsub0 > a"
"WCAG2AAA.Principle2.Guideline2_4.2_4_9.H30","Check that text of the link describes the purpose of the link.","notice","<a href=\"/contact1.aspx\">Contact Details</a>","#menuItem11118 > a"
"WCAG2AAA.Principle2.Guideline2_1.2_1_1.G90","Ensure the functionality provided by an event handler for this element is available through the keyboard","warning","<div class=\"newfeedsitem\" onmouseover=\"pause=1;\" onmouseout=\"pause=0;\" onclick=\"if(stop==0)stop=1;else stop=0;\" id=\"newfeed0\" style=\"visibility: visible;\"><div><h3><strong>Please be awar...</div>","#newfeed0"
"WCAG2AAA.Principle2.Guideline2_1.2_1_1.SCR20.MouseOver","Ensure the functionality provided by mousing over this element is available through the keyboard; for instance, using the focus event.","warning","<div class=\"newfeedsitem\" onmouseover=\"pause=1;\" onmouseout=\"pause=0;\" onclick=\"if(stop==0)stop=1;else stop=0;\" id=\"newfeed0\" style=\"visibility: visible;\"><div><h3><strong>Please be awar...</div>","#newfeed0"
"WCAG2AAA.Principle2.Guideline2_1.2_1_1.SCR20.MouseOut","Ensure the functionality provided by mousing out of this element is available through the keyboard; for instance, using the blur event.","warning","<div class=\"newfeedsitem\" onmouseover=\"pause=1;\" onmouseout=\"pause=0;\" onclick=\"if(stop==0)stop=1;else stop=0;\" id=\"newfeed0\" style=\"visibility: visible;\"><div><h3><strong>Please be awar...</div>","#newfeed0"
"WCAG2AAA.Principle2.Guideline2_4.2_4_9.H30","Check that text of the link describes the purpose of the link.","notice","<a href=\"news.aspx?p=G81636\"><b>Information regarding MMR va...</a>","#js-news > li:nth-child(1) > a"
"WCAG2AAA.Principle2.Guideline2_4.2_4_9.H30","Check that text of the link describes the purpose of the link.","notice","<a href=\"news.aspx?p=G81636\"> ...</a>","#js-news > li:nth-child(2) > a"
"WCAG2AAA.Principle4.Guideline4_1.4_1_2.H91.A.NoContent","Anchor element found with a valid href attribute, but no link content has been supplied.","error","<a href=\"news.aspx?p=G81636\"><span></span></a>","#js-news > li:nth-child(3) > a:nth-child(1)"
"WCAG2AAA.Principle2.Guideline2_4.2_4_9.H30","Check that text of the link describes the purpose of the link.","notice","<a href=\"news.aspx?p=G81636\"><span></span></a>","#js-news > li:nth-child(3) > a:nth-child(1)"
"WCAG2AAA.Principle2.Guideline2_4.2_4_9.H30","Check that text of the link describes the purpose of the link.","notice","<a href=\"https://www.surveymonkey.com/r/X8MMF9Z?sm=xT%2bD3hEJFlmjFutwnpDYMA%3d%3d \">We value your feedback - click ...</a>","#js-news > li:nth-child(3) > a:nth-child(2)"
"WCAG2AAA.Principle2.Guideline2_4.2_4_9.H30","Check that text of the link describes the purpose of the link.","notice","<a href=\"news.aspx?p=G81636\"> ...</a>","#js-news > li:nth-child(4) > a"
"WCAG2AAA.Principle2.Guideline2_4.2_4_9.H30","Check that text of the link describes the purpose of the link.","notice","<a href=\"news.aspx?p=G81636\">Electronic Prescriptions Servic...</a>","#js-news > li:nth-child(5) > a"
"WCAG2AAA.Principle2.Guideline2_4.2_4_9.H30","Check that text of the link describes the purpose of the link.","notice","<a href=\"news.aspx?p=G81636\"><span></span> ...</a>","#js-news > li:nth-child(6) > a"
"WCAG2AAA.Principle2.Guideline2_4.2_4_9.H30","Check that text of the link describes the purpose of the link.","notice","<a href=\"news.aspx?p=G81636\"><span>Guide to finding urgent h...</a>","#js-news > li:nth-child(7) > a"
"WCAG2AAA.Principle2.Guideline2_4.2_4_9.H30","Check that text of the link describes the purpose of the link.","notice","<a href=\"news.aspx?p=G81636\"> ...</a>","#js-news > li:nth-child(8) > a"
"WCAG2AAA.Principle1.Guideline1_4.1_4_6.G17.Abs","This element is absolutely positioned and the background color can not be determined. Ensure the contrast ratio between the text and all covered parts of the background are at least 7:1.","warning","<a href=\"news.aspx?p=G81636\"><b>Information regarding MMR va...</a>","#ticker-content > a"
"WCAG2AAA.Principle2.Guideline2_4.2_4_9.H30","Check that text of the link describes the purpose of the link.","notice","<a href=\"news.aspx?p=G81636\"><b>Information regarding MMR va...</a>","#ticker-content > a"
"WCAG2AAA.Principle1.Guideline1_4.1_4_6.G17.Abs","This element is absolutely positioned and the background color can not be determined. Ensure the contrast ratio between the text and all covered parts of the background are at least 7:1.","warning","<b>Information regarding MMR vacci...</b>","#ticker-content > a > b"
"WCAG2AAA.Principle1.Guideline1_1.1_1_1.H37","Img element missing an alt attribute. Use the alt attribute to specify a short text alternative.","error","<img src=\"/images/home_pics/41/slide5.jpg\" class=\"slide\" id=\"slide\">","#slide"
"WCAG2AAA.Principle1.Guideline1_1.1_1_1.G73,G74","If this image cannot be fully described in a short text alternative, ensure a long text alternative is also available, such as in the body text or through a link.","notice","<img src=\"/images/home_pics/41/slide5.jpg\" class=\"slide\" id=\"slide\">","#slide"
"WCAG2AAA.Principle1.Guideline1_3.1_3_1.LayoutTable","This table appears to be a layout table. If it is meant to instead be a data table, ensure header cells are identified using th elements.","notice","<table width=\"1065\" height=\"18\" style=\"height: 157px; margin-left: auto; margin-right: auto;\"><tbody><tr><td style=\"text-alig...</table>","#ctl00_ContentPlaceHolder1_field1 > table"
"WCAG2AAA.Principle1.Guideline1_1.1_1_1.H30.2","Img element is the only content of the link, but is missing alt text. The alt text should describe the purpose of the link.","error","<a href=\"http://www.bvhh.co.uk/page1.aspx?p=2&amp;t=1\"><img src=\"http://www.bvhh.co.uk...</a>","#ctl00_ContentPlaceHolder1_field1 > table > tbody > tr:nth-child(1) > td:nth-child(1) > a"
"WCAG2AAA.Principle2.Guideline2_4.2_4_9.H30","Check that text of the link describes the purpose of the link.","notice","<a href=\"http://www.bvhh.co.uk/page1.aspx?p=2&amp;t=1\"><img src=\"http://www.bvhh.co.uk...</a>","#ctl00_ContentPlaceHolder1_field1 > table > tbody > tr:nth-child(1) > td:nth-child(1) > a"
"WCAG2AAA.Principle1.Guideline1_1.1_1_1.G73,G74","If this image cannot be fully described in a short text alternative, ensure a long text alternative is also available, such as in the body text or through a link.","notice","<img src=\"http://www.bvhh.co.uk/website/G81636/files/Appointments 2.png\" alt=\"\" width=\"300\" height=\"300\">","#ctl00_ContentPlaceHolder1_field1 > table > tbody > tr:nth-child(1) > td:nth-child(1) > a > img"
"WCAG2AAA.Principle1.Guideline1_1.1_1_1.H30.2","Img element is the only content of the link, but is missing alt text. The alt text should describe the purpose of the link.","error","<a href=\"http://www.bvhh.co.uk/prescriptions1.aspx?t=1\"><img src=\"http://www.bvhh.co.uk...</a>","#ctl00_ContentPlaceHolder1_field1 > table > tbody > tr:nth-child(1) > td:nth-child(2) > p > a"
"WCAG2AAA.Principle2.Guideline2_4.2_4_9.H30","Check that text of the link describes the purpose of the link.","notice","<a href=\"http://www.bvhh.co.uk/prescriptions1.aspx?t=1\"><img src=\"http://www.bvhh.co.uk...</a>","#ctl00_ContentPlaceHolder1_field1 > table > tbody > tr:nth-child(1) > td:nth-child(2) > p > a"
"WCAG2AAA.Principle1.Guideline1_1.1_1_1.G73,G74","If this image cannot be fully described in a short text alternative, ensure a long text alternative is also available, such as in the body text or through a link.","notice","<img src=\"http://www.bvhh.co.uk/website/G81636/files/Prescriptions.png\" width=\"300\" height=\"300\">","#ctl00_ContentPlaceHolder1_field1 > table > tbody > tr:nth-child(1) > td:nth-child(2) > p > a > img"
"WCAG2AAA.Principle1.Guideline1_1.1_1_1.H30.2","Img element is the only content of the link, but is missing alt text. The alt text should describe the purpose of the link.","error","<a href=\"http://www.bvhh.co.uk/page1.aspx?p=14&amp;t=1\"><img src=\"http://www.bvhh.co.uk...</a>","#ctl00_ContentPlaceHolder1_field1 > table > tbody > tr:nth-child(1) > td:nth-child(3) > a"
"WCAG2AAA.Principle2.Guideline2_4.2_4_9.H30","Check that text of the link describes the purpose of the link.","notice","<a href=\"http://www.bvhh.co.uk/page1.aspx?p=14&amp;t=1\"><img src=\"http://www.bvhh.co.uk...</a>","#ctl00_ContentPlaceHolder1_field1 > table > tbody > tr:nth-child(1) > td:nth-child(3) > a"
"WCAG2AAA.Principle1.Guideline1_1.1_1_1.G73,G74","If this image cannot be fully described in a short text alternative, ensure a long text alternative is also available, such as in the body text or through a link.","notice","<img src=\"http://www.bvhh.co.uk/website/G81636/files/Services and Advice 2.png\" alt=\"\" width=\"300\" height=\"300\">","#ctl00_ContentPlaceHolder1_field1 > table > tbody > tr:nth-child(1) > td:nth-child(3) > a > img"
"WCAG2AAA.Principle1.Guideline1_1.1_1_1.H30.2","Img element is the only content of the link, but is missing alt text. The alt text should describe the purpose of the link.","error","<a href=\"http://www.bvhh.co.uk/page1.aspx?p=16&amp;t=3\"><img src=\"http://www.bvhh.co.uk...</a>","#ctl00_ContentPlaceHolder1_field1 > table > tbody > tr:nth-child(2) > td:nth-child(1) > a"
"WCAG2AAA.Principle2.Guideline2_4.2_4_9.H30","Check that text of the link describes the purpose of the link.","notice","<a href=\"http://www.bvhh.co.uk/page1.aspx?p=16&amp;t=3\"><img src=\"http://www.bvhh.co.uk...</a>","#ctl00_ContentPlaceHolder1_field1 > table > tbody > tr:nth-child(2) > td:nth-child(1) > a"
"WCAG2AAA.Principle1.Guideline1_1.1_1_1.G73,G74","If this image cannot be fully described in a short text alternative, ensure a long text alternative is also available, such as in the body text or through a link.","notice","<img src=\"http://www.bvhh.co.uk/website/G81636/files/Patient Information 2.png\" alt=\"\" width=\"300\" height=\"300\">","#ctl00_ContentPlaceHolder1_field1 > table > tbody > tr:nth-child(2) > td:nth-child(1) > a > img"
"WCAG2AAA.Principle1.Guideline1_1.1_1_1.H67.2","Img element is marked so that it is ignored by Assistive Technology.","warning","<img src=\"http://bvhh.co.uk/website/G81636/files/About Us Image.JPG\" alt=\"\" width=\"302\" height=\"301\">","#ctl00_ContentPlaceHolder1_field1 > table > tbody > tr:nth-child(2) > td:nth-child(2) > img"
"WCAG2AAA.Principle1.Guideline1_1.1_1_1.G73,G74","If this image cannot be fully described in a short text alternative, ensure a long text alternative is also available, such as in the body text or through a link.","notice","<img src=\"http://bvhh.co.uk/website/G81636/files/About Us Image.JPG\" alt=\"\" width=\"302\" height=\"301\">","#ctl00_ContentPlaceHolder1_field1 > table > tbody > tr:nth-child(2) > td:nth-child(2) > img"
"WCAG2AAA.Principle1.Guideline1_1.1_1_1.H30.2","Img element is the only content of the link, but is missing alt text. The alt text should describe the purpose of the link.","error","<a href=\"http://www.bvhh.co.uk/contact1.aspx\"><img src=\"http://www.bvhh.co.uk...</a>","#ctl00_ContentPlaceHolder1_field1 > table > tbody > tr:nth-child(2) > td:nth-child(3) > a"
"WCAG2AAA.Principle2.Guideline2_4.2_4_9.H30","Check that text of the link describes the purpose of the link.","notice","<a href=\"http://www.bvhh.co.uk/contact1.aspx\"><img src=\"http://www.bvhh.co.uk...</a>","#ctl00_ContentPlaceHolder1_field1 > table > tbody > tr:nth-child(2) > td:nth-child(3) > a"
"WCAG2AAA.Principle1.Guideline1_1.1_1_1.G73,G74","If this image cannot be fully described in a short text alternative, ensure a long text alternative is also available, such as in the body text or through a link.","notice","<img src=\"http://www.bvhh.co.uk/website/G81636/files/Contact Us.png\" width=\"300\" height=\"300\">","#ctl00_ContentPlaceHolder1_field1 > table > tbody > tr:nth-child(2) > td:nth-child(3) > a > img"
"WCAG2AAA.Principle2.Guideline2_4.2_4_9.H30","Check that text of the link describes the purpose of the link.","notice","<a href=\"new-patients.aspx\" id=\"ctl00_ContentPlaceHolder1_registerNowLink\">Register With Us Now</a>","#ctl00_ContentPlaceHolder1_registerNowLink"
"WCAG2AAA.Principle1.Guideline1_4.1_4_6.G18.Fail","This element has insufficient contrast at this conformance level. Expected a contrast ratio of at least 4.5:1, but text in this element has a contrast ratio of 2.26:1. Recommendation: change text colour to #0e141e.","error","<h3 class=\"infoTitle furtherInfoTitle\">Further Information</h3>","#ctl00_resPatInfo > div > div > h3"
"WCAG2AAA.Principle1.Guideline1_4.1_4_6.G17.Fail","This element has insufficient contrast at this conformance level. Expected a contrast ratio of at least 7:1, but text in this element has a contrast ratio of 4.08:1. Recommendation: change background to #005e8b.","error","<a tabindex=\"1\" href=\"/info.aspx?p=12\">Useful Websites &amp; Telephone...</a>","#ctl00_resPatInfo > div > div > ul > li > a"
"WCAG2AAA.Principle2.Guideline2_4.2_4_9.H30","Check that text of the link describes the purpose of the link.","notice","<a tabindex=\"1\" href=\"/info.aspx?p=12\">Useful Websites &amp; Telephone...</a>","#ctl00_resPatInfo > div > div > ul > li > a"
"WCAG2AAA.Principle1.Guideline1_4.1_4_6.G18.Fail","This element has insufficient contrast at this conformance level. Expected a contrast ratio of at least 4.5:1, but text in this element has a contrast ratio of 2.26:1. Recommendation: change text colour to #0e141e.","error","<h3 class=\"infoTitle yourHealthTitle\">Your Health</h3>","#ctl00_resYourHealth > div > div > h3"
"WCAG2AAA.Principle1.Guideline1_4.1_4_6.G17.Fail","This element has insufficient contrast at this conformance level. Expected a contrast ratio of at least 7:1, but text in this element has a contrast ratio of 4.08:1. Recommendation: change background to #005e8b.","error","<a title=\"Find out about women's and men's health issues, sexual health, vaccinations and how to live a healthy lifestyle\" href=\"/family-health.aspx\">Family Health</a>","#ctl00_resYourHealth > div > div > ul > li:nth-child(1) > a"
"WCAG2AAA.Principle2.Guideline2_4.2_4_9.H30","Check that text of the link describes the purpose of the link.","notice","<a title=\"Find out about women's and men's health issues, sexual health, vaccinations and how to live a healthy lifestyle\" href=\"/family-health.aspx\">Family Health</a>","#ctl00_resYourHealth > div > div > ul > li:nth-child(1) > a"
"WCAG2AAA.Principle1.Guideline1_4.1_4_6.G17.Fail","This element has insufficient contrast at this conformance level. Expected a contrast ratio of at least 7:1, but text in this element has a contrast ratio of 4.08:1. Recommendation: change background to #005e8b.","error","<a title=\"Lots of information about heart disease, asthma, cancer, mental health, diabetes, COPD, osteoarthritis and pain\" href=\"long_term_conditions.aspx\">Long Term Conditions</a>","#ctl00_resYourHealth > div > div > ul > li:nth-child(2) > a"
"WCAG2AAA.Principle2.Guideline2_4.2_4_9.H30","Check that text of the link describes the purpose of the link.","notice","<a title=\"Lots of information about heart disease, asthma, cancer, mental health, diabetes, COPD, osteoarthritis and pain\" href=\"long_term_conditions.aspx\">Long Term Conditions</a>","#ctl00_resYourHealth > div > div > ul > li:nth-child(2) > a"
"WCAG2AAA.Principle2.Guideline2_4.2_4_9.H30","Check that text of the link describes the purpose of the link.","notice","<a title=\"Get help on managing minor illnesses and conditions such as colds and diarrhoea\" href=\"minor_illness.aspx\">Minor Illness</a>","#ctl00_resYourHealth > div > div > ul > li:nth-child(3) > a"
"WCAG2AAA.Principle1.Guideline1_3.1_3_1.H48","If this element contains a navigation section, it is recommended that it be marked up as a list.","warning","<div id=\"ctl00_nhsDirect1\" class=\"nhsDirect1\"><a class=\"nhs111Link\" href=\"htt...</div>","#ctl00_nhsDirect1"
"WCAG2AAA.Principle2.Guideline2_4.2_4_9.H30","Check that text of the link describes the purpose of the link.","notice","<a class=\"nhs111Link\" href=\"http://www.nhs.uk/111/\" target=\"_blank\"><img src=\"/images/nhs_111.jpg\" ...</a>","#ctl00_nhsDirect1 > a:nth-child(1)"
"WCAG2AAA.Principle3.Guideline3_2.3_2_5.H83.3","Check that this link's link text contains information indicating that the link will open in a new window.","warning","<a class=\"nhs111Link\" href=\"http://www.nhs.uk/111/\" target=\"_blank\"><img src=\"/images/nhs_111.jpg\" ...</a>","#ctl00_nhsDirect1 > a:nth-child(1)"
"WCAG2AAA.Principle1.Guideline1_1.1_1_1.G94.Image","Ensure that the img element's alt text serves the same purpose and presents the same information as the image.","notice","<img src=\"/images/nhs_111.jpg\" alt=\"Call 111 when you need medical help fast but it’s not a 999 emergency\">","#ctl00_nhsDirect1 > a:nth-child(1) > img"
"WCAG2AAA.Principle1.Guideline1_1.1_1_1.G73,G74","If this image cannot be fully described in a short text alternative, ensure a long text alternative is also available, such as in the body text or through a link.","notice","<img src=\"/images/nhs_111.jpg\" alt=\"Call 111 when you need medical help fast but it’s not a 999 emergency\">","#ctl00_nhsDirect1 > a:nth-child(1) > img"
"WCAG2AAA.Principle2.Guideline2_4.2_4_9.H30","Check that text of the link describes the purpose of the link.","notice","<a class=\"nhsLink\" href=\"http://www.nhs.uk\" target=\"_blank\" title=\"NHS Choices\"><img src=\"/images/nhs_logo.gif\"...</a>","#ctl00_nhsDirect1 > a:nth-child(2)"
"WCAG2AAA.Principle3.Guideline3_2.3_2_5.H83.3","Check that this link's link text contains information indicating that the link will open in a new window.","warning","<a class=\"nhsLink\" href=\"http://www.nhs.uk\" target=\"_blank\" title=\"NHS Choices\"><img src=\"/images/nhs_logo.gif\"...</a>","#ctl00_nhsDirect1 > a:nth-child(2)"
"WCAG2AAA.Principle1.Guideline1_1.1_1_1.G94.Image","Ensure that the img element's alt text serves the same purpose and presents the same information as the image.","notice","<img src=\"/images/nhs_logo.gif\" alt=\"NHS Choices\">","#ctl00_nhsDirect1 > a:nth-child(2) > img"
"WCAG2AAA.Principle1.Guideline1_1.1_1_1.G73,G74","If this image cannot be fully described in a short text alternative, ensure a long text alternative is also available, such as in the body text or through a link.","notice","<img src=\"/images/nhs_logo.gif\" alt=\"NHS Choices\">","#ctl00_nhsDirect1 > a:nth-child(2) > img"
"WCAG2AAA.Principle2.Guideline2_4.2_4_9.H30","Check that text of the link describes the purpose of the link.","notice","<a class=\"mswLink\" href=\"http://www.mysurgerywebsite.co.uk\" target=\"_blank\"><img src=\"/images/msw_logo.jpg\"...</a>","#ctl00_nhsDirect1 > a:nth-child(3)"
"WCAG2AAA.Principle3.Guideline3_2.3_2_5.H83.3","Check that this link's link text contains information indicating that the link will open in a new window.","warning","<a class=\"mswLink\" href=\"http://www.mysurgerywebsite.co.uk\" target=\"_blank\"><img src=\"/images/msw_logo.jpg\"...</a>","#ctl00_nhsDirect1 > a:nth-child(3)"
"WCAG2AAA.Principle1.Guideline1_1.1_1_1.G94.Image","Ensure that the img element's alt text serves the same purpose and presents the same information as the image.","notice","<img src=\"/images/msw_logo.jpg\" alt=\"This site is brought to you by My Surgery Website\">","#ctl00_nhsDirect1 > a:nth-child(3) > img"
"WCAG2AAA.Principle1.Guideline1_1.1_1_1.G73,G74","If this image cannot be fully described in a short text alternative, ensure a long text alternative is also available, such as in the body text or through a link.","notice","<img src=\"/images/msw_logo.jpg\" alt=\"This site is brought to you by My Surgery Website\">","#ctl00_nhsDirect1 > a:nth-child(3) > img"
"WCAG2AAA.Principle1.Guideline1_3.1_3_1.H48","If this element contains a navigation section, it is recommended that it be marked up as a list.","warning","<p><a href=\"https://www.mysurgeryw...</p>","#ctl00_footer > p"
"WCAG2AAA.Principle2.Guideline2_4.2_4_9.H30","Check that text of the link describes the purpose of the link.","notice","<a href=\"https://www.mysurgerywebsite.co.uk\" target=\"_blank\">Copyright 2006 - 2019 My Surger...</a>","#ctl00_footer > p > a:nth-child(1)"
"WCAG2AAA.Principle3.Guideline3_2.3_2_5.H83.3","Check that this link's link text contains information indicating that the link will open in a new window.","warning","<a href=\"https://www.mysurgerywebsite.co.uk\" target=\"_blank\">Copyright 2006 - 2019 My Surger...</a>","#ctl00_footer > p > a:nth-child(1)"
"WCAG2AAA.Principle2.Guideline2_4.2_4_9.H30","Check that text of the link describes the purpose of the link.","notice","<a href=\"https://www.mysurgerywebsite.co.uk/disclaimer.htm\" target=\"_blank\">Privacy &amp; Usage</a>","#ctl00_footer > p > a:nth-child(2)"
"WCAG2AAA.Principle3.Guideline3_2.3_2_5.H83.3","Check that this link's link text contains information indicating that the link will open in a new window.","warning","<a href=\"https://www.mysurgerywebsite.co.uk/disclaimer.htm\" target=\"_blank\">Privacy &amp; Usage</a>","#ctl00_footer > p > a:nth-child(2)"
"WCAG2AAA.Principle2.Guideline2_4.2_4_9.H30","Check that text of the link describes the purpose of the link.","notice","<a rel=\"nofollow\" href=\"/index_form.aspx\">Edit</a>","#ctl00_footer > p > a:nth-child(3)"
"WCAG2AAA.Principle2.Guideline2_4.2_4_9.H30","Check that text of the link describes the purpose of the link.","notice","<a rel=\"nofollow\" href=\"https://www.mysurgerywebsite.co.uk/secure/gpindex.aspx?pr=G81636\">Staff Home</a>","#ctl00_footer > p > a:nth-child(4)"
"WCAG2AAA.Principle2.Guideline2_4.2_4_9.H30","Check that text of the link describes the purpose of the link.","notice","<a href=\"/site-map.aspx?pr=G81636\">Site Map</a>","#ctl00_footer > p > a:nth-child(5)"
"WCAG2AAA.Principle2.Guideline2_4.2_4_9.H30","Check that text of the link describes the purpose of the link.","notice","<a href=\"/Accessibility.aspx?pr=G81636\">Accessibility</a>","#ctl00_footer > p > a:nth-child(6)"
"WCAG2AAA.Principle2.Guideline2_4.2_4_9.H30","Check that text of the link describes the purpose of the link.","notice","<a href=\"help/My Surgery Website Site Terms and Conditions.pdf\">Site T&amp;C's</a>","#ctl00_footer > p > a:nth-child(7)"
"WCAG2AAA.Principle2.Guideline2_4.2_4_9.H30","Check that text of the link describes the purpose of the link.","notice","<a href=\"help/My Surgery Website Service Terms and Conditions.pdf\">Service T&amp;C's</a>","#ctl00_footer > p > a:nth-child(8)"
"WCAG2AAA.Principle1.Guideline1_1.1_1_1.G94.Image","Ensure that the img element's alt text serves the same purpose and presents the same information as the image.","notice","<img src=\"https://www.gstatic.com/images/branding/product/1x/translate_24dp.png\" width=\"20\" height=\"20\" alt=\"Google 翻译\">","#goog-gt-tt > div:nth-child(1) > div > div > img"
"WCAG2AAA.Principle1.Guideline1_1.1_1_1.G73,G74","If this image cannot be fully described in a short text alternative, ensure a long text alternative is also available, such as in the body text or through a link.","notice","<img src=\"https://www.gstatic.com/images/branding/product/1x/translate_24dp.png\" width=\"20\" height=\"20\" alt=\"Google 翻译\">","#goog-gt-tt > div:nth-child(1) > div > div > img"
"WCAG2AAA.Principle2.Guideline2_4.2_4_1.H64.2","Check that the title attribute of this element contains text that identifies the frame.","notice","<iframe frameborder=\"0\" class=\"goog-te-menu-frame skiptranslate\" title=\"语言翻译微件\" style=\"visibility: visible; box-sizing: content-box; width: 915px; height: 263px; display: none;\"></iframe>","#ctl00_mainbody > iframe:nth-child(5)"
"WCAG2AAA.Principle2.Guideline2_4.2_4_1.H64.2","Check that the title attribute of this element contains text that identifies the frame.","notice","<iframe frameborder=\"0\" class=\"goog-te-menu-frame skiptranslate\" title=\"语言翻译微件\" style=\"visibility: visible; box-sizing: content-box; width: 915px; height: 263px; display: none;\"></iframe>","#ctl00_mainbody > iframe:nth-child(6)"
"WCAG2AAA.Principle2.Guideline2_4.2_4_1.H64.2","Check that the title attribute of this element contains text that identifies the frame.","notice","<iframe frameborder=\"0\" class=\"goog-te-menu-frame skiptranslate\" title=\"语言翻译微件\" style=\"visibility: visible; box-sizing: content-box; width: 135px; height: 69px; display: none;\"></iframe>","#ctl00_mainbody > iframe:nth-child(7)"